categoryID,type,featureSetNum,animal,normalizedProb,sd,se,ci
1,animal,1,ant,0.374578056,0.221313539,0.039123076,0.07979204
1,animal,2,ant,0.119876777,0.121543259,0.021486016,0.043821018
1,animal,3,ant,0.161596684,0.118021375,0.020863429,0.042551243
1,animal,4,ant,0.113711235,0.109597003,0.019374196,0.039513933
1,animal,5,ant,0.091949097,0.102771262,0.018167564,0.037052991
1,animal,6,ant,0.044477118,0.062972521,0.011132074,0.022704015
1,animal,7,ant,0.058055321,0.07576625,0.013393707,0.027316646
1,animal,8,ant,0.035755713,0.054574887,0.009647568,0.019676345
1,person,1,ant,0.12398633,0.040907621,0.007231514,0.01474877
1,person,2,ant,0.114271313,0.049937473,0.008827782,0.018004379
1,person,3,ant,0.107361805,0.044517092,0.007869584,0.016050123
1,person,4,ant,0.110744221,0.04289553,0.00758293,0.015465488
1,person,5,ant,0.142268083,0.038126382,0.006739856,0.013746027
1,person,6,ant,0.140582979,0.041715589,0.007374344,0.015040074
1,person,7,ant,0.12733989,0.038385207,0.00678561,0.013839343
1,person,8,ant,0.13344538,0.035527276,0.006280394,0.012808949
2,animal,1,bat,0.279501381,0.128988119,0.024376463,0.050016371
2,animal,2,bat,0.060356026,0.084460598,0.015961553,0.032750401
2,animal,3,bat,0.150178407,0.122501834,0.023150671,0.047501252
2,animal,4,bat,0.056694265,0.08660032,0.016365922,0.033580098
2,animal,5,bat,0.232839632,0.145559807,0.027508218,0.056442201
2,animal,6,bat,0.055331226,0.071291083,0.013472748,0.027643796
2,animal,7,bat,0.121391983,0.120456036,0.022764051,0.046707975
2,animal,8,bat,0.043707079,0.068712755,0.01298549,0.026644025
2,person,1,bat,0.069749834,0.07388629,0.013963196,0.028650112
2,person,2,bat,0.105899995,0.07508389,0.014189521,0.029114493
2,person,3,bat,0.118536197,0.082954781,0.01567698,0.032166506
2,person,4,bat,0.160782144,0.089487089,0.01691147,0.034699471
2,person,5,bat,0.100624078,0.078507013,0.014836431,0.030441842
2,person,6,bat,0.139491317,0.089938577,0.016996793,0.034874539
2,person,7,bat,0.113364979,0.073467662,0.013884083,0.028487786
2,person,8,bat,0.191551456,0.110788232,0.020937008,0.042959192
3,animal,1,bear,0.258178931,0.12861892,0.022736828,0.046372066
3,animal,2,bear,0.136880479,0.102423772,0.018106136,0.036927708
3,animal,3,bear,0.160603865,0.126725056,0.022402037,0.045689255
3,animal,4,bear,0.100286864,0.086801379,0.015344461,0.031295235
3,animal,5,bear,0.126645743,0.104758757,0.018518907,0.037769559
3,animal,6,bear,0.086643833,0.086720238,0.015330117,0.03126598
3,animal,7,bear,0.066544568,0.069541382,0.012293296,0.025072342
3,animal,8,bear,0.064215717,0.060003629,0.010607243,0.021633615
3,person,1,bear,0.129418534,0.046414172,0.008204944,0.016734093
3,person,2,bear,0.141700151,0.048501132,0.00857387,0.017486523
3,person,3,bear,0.114311578,0.058703245,0.010377366,0.021164777
3,person,4,bear,0.106888596,0.041983028,0.007421621,0.015136496
3,person,5,bear,0.121793234,0.04180562,0.007390259,0.015072533
3,person,6,bear,0.140160697,0.048810137,0.008628495,0.017597931
3,person,7,bear,0.114153752,0.05098353,0.0090127,0.018381523
3,person,8,bear,0.131573457,0.053374067,0.009435291,0.019243403
4,animal,1,bee,0.213548701,0.097635094,0.017825648,0.036457543
4,animal,2,bee,0.214755507,0.103697383,0.018932465,0.038721239
4,animal,3,bee,0.129641161,0.09973997,0.018209944,0.037243517
4,animal,4,bee,0.133754029,0.099537882,0.018173048,0.037168056
4,animal,5,bee,0.100079249,0.085844026,0.015672903,0.032054686
4,animal,6,bee,0.105464886,0.092946598,0.016969649,0.03470683
4,animal,7,bee,0.05043347,0.06119606,0.011172821,0.022850984
4,animal,8,bee,0.052322998,0.058281673,0.010640729,0.021762734
4,person,1,bee,0.123279322,0.042611427,0.007779747,0.015911368
4,person,2,bee,0.135321525,0.048922127,0.008931918,0.018267823
4,person,3,bee,0.138266439,0.047217496,0.008620696,0.017631303
4,person,4,bee,0.147900663,0.1181467,0.021570538,0.044116703
4,person,5,bee,0.092047963,0.046584541,0.008505135,0.017394954
4,person,6,bee,0.12525293,0.043612686,0.007962551,0.016285245
4,person,7,bee,0.111263552,0.047257094,0.008627925,0.017646089
4,person,8,bee,0.126667606,0.050432711,0.009207711,0.018831884
5,animal,1,bird,0.203013693,0.072750159,0.013066314,0.026684974
5,animal,2,bird,0.194492012,0.072101059,0.012949732,0.026446882
5,animal,3,bird,0.12567088,0.064460819,0.011577505,0.023644419
5,animal,4,bird,0.12451405,0.060892786,0.010936667,0.022335654
5,animal,5,bird,0.108136682,0.067878774,0.012191388,0.024898135
5,animal,6,bird,0.099423666,0.070302002,0.012626612,0.025786983
5,animal,7,bird,0.073868626,0.05099877,0.00915965,0.0187065
5,animal,8,bird,0.070880391,0.056912711,0.010221825,0.020875751
5,person,1,bird,0.158771758,0.071372622,0.012818901,0.026179689
5,person,2,bird,0.152899207,0.070360279,0.012637079,0.025808359
5,person,3,bird,0.152838419,0.066624501,0.011966114,0.024438064
5,person,4,bird,0.168652522,0.063572596,0.011417975,0.023318616
5,person,5,bird,0.093640225,0.064338552,0.011555545,0.023599572
5,person,6,bird,0.09032178,0.068984428,0.012389969,0.025303692
5,person,7,bird,0.084874451,0.06167588,0.011077315,0.022622896
5,person,8,bird,0.098001638,0.07030255,0.012626711,0.025787184
6,animal,1,buffalo,0.326147418,0.164519675,0.030550537,0.062579937
6,animal,2,buffalo,0.181614948,0.10477236,0.019455739,0.039853275
6,animal,3,buffalo,0.119302205,0.110270254,0.020476672,0.041944561
6,animal,4,buffalo,0.094193121,0.095877348,0.017803977,0.036469793
6,animal,5,buffalo,0.128519836,0.108011533,0.020057238,0.04108539
6,animal,6,buffalo,0.064340347,0.076050767,0.014122273,0.028928165
6,animal,7,buffalo,0.046820358,0.072943814,0.013545326,0.027746343
6,animal,8,buffalo,0.039061768,0.064245869,0.011930158,0.024437821
6,person,1,buffalo,0.122813546,0.046954641,0.008719258,0.01786059
6,person,2,buffalo,0.14224618,0.03965585,0.007363906,0.015084279
6,person,3,buffalo,0.104057731,0.052666814,0.009779982,0.020033384
6,person,4,buffalo,0.121291878,0.048105616,0.008932989,0.018298398
6,person,5,buffalo,0.127999346,0.04439714,0.008244342,0.016887769
6,person,6,buffalo,0.143802347,0.043779208,0.008129595,0.01665272
6,person,7,buffalo,0.102195593,0.046003145,0.008542569,0.01749866
6,person,8,buffalo,0.135593379,0.04982508,0.009252285,0.018952447
7,animal,1,cat,0.236845856,0.069145043,0.012839912,0.026301368
7,animal,2,cat,0.070891614,0.078652779,0.014605454,0.029917917
7,animal,3,cat,0.218668305,0.087780679,0.016300463,0.033389985
7,animal,4,cat,0.068411983,0.075598174,0.014038229,0.028756008
7,animal,5,cat,0.165387711,0.077171782,0.01433044,0.029354576
7,animal,6,cat,0.046224277,0.052285532,0.009709179,0.019888353
7,animal,7,cat,0.148124686,0.082870539,0.015388673,0.031522267
7,animal,8,cat,0.045445569,0.055791435,0.010360209,0.021221927
7,person,1,cat,0.129466593,0.062363745,0.011580657,0.0237219
7,person,2,cat,0.113447041,0.058246539,0.010816111,0.022155799
7,person,3,cat,0.129317821,0.070891137,0.013164154,0.026965546
7,person,4,cat,0.124545219,0.068010994,0.012629324,0.025869998
7,person,5,cat,0.1371981,0.073358209,0.013622277,0.02790397
7,person,6,cat,0.11404723,0.057784061,0.010730231,0.021979881
7,person,7,cat,0.130784367,0.062988709,0.01169671,0.023959624
7,person,8,cat,0.121193628,0.061860215,0.011487154,0.023530367
8,animal,1,cow,0.349133471,0.185323954,0.03383537,0.069201102
8,animal,2,cow,0.107447806,0.111091813,0.020282497,0.041482365
8,animal,3,cow,0.217300645,0.130126989,0.023757829,0.048590216
8,animal,4,cow,0.077155971,0.079244835,0.014468061,0.029590508
8,animal,5,cow,0.081197917,0.108289509,0.019770869,0.040435967
8,animal,6,cow,0.056063429,0.071782959,0.013105715,0.026804197
8,animal,7,cow,0.045266249,0.068281735,0.012466482,0.025496819
8,animal,8,cow,0.06643451,0.104715892,0.019118419,0.039101557
8,person,1,cow,0.135926321,0.042628826,0.007782923,0.015917865
8,person,2,cow,0.09094445,0.054006266,0.00986015,0.020166271
8,person,3,cow,0.138643739,0.043956433,0.00802531,0.016413602
8,person,4,cow,0.114015246,0.057398612,0.010479505,0.021432994
8,person,5,cow,0.115867682,0.037105708,0.006774544,0.013855499
8,person,6,cow,0.126394395,0.040866094,0.007461094,0.01525965
8,person,7,cow,0.12618418,0.045828817,0.008367159,0.017112761
8,person,8,cow,0.152023986,0.039089567,0.007136746,0.014596284
9,animal,1,dog,0.275393961,0.126317852,0.024309882,0.049969678
9,animal,2,dog,0.141471412,0.087014906,0.016746026,0.03442195
9,animal,3,dog,0.170901018,0.087919156,0.016920049,0.03477966
9,animal,4,dog,0.102752233,0.0819787,0.015776808,0.032429694
9,animal,5,dog,0.089772245,0.089469679,0.017218448,0.035393026
9,animal,6,dog,0.066027602,0.062494779,0.012027126,0.024722111
9,animal,7,dog,0.061351518,0.067391181,0.012969439,0.026659063
9,animal,8,dog,0.092330011,0.087076173,0.016757817,0.034446187
9,person,1,dog,0.173972826,0.079925416,0.015381654,0.031617442
9,person,2,dog,0.139911683,0.052409504,0.010086214,0.020732509
9,person,3,dog,0.08869332,0.055388479,0.010659518,0.021910952
9,person,4,dog,0.112530572,0.052816473,0.010164535,0.020893501
9,person,5,dog,0.124813804,0.060701693,0.011682046,0.02401279
9,person,6,dog,0.108628404,0.056210588,0.010817733,0.022236168
9,person,7,dog,0.092924503,0.06059886,0.011662256,0.023972111
9,person,8,dog,0.158524889,0.080154284,0.015425699,0.031707979
10,animal,1,dolphin,0.353874472,0.163675411,0.028492232,0.058036777
10,animal,2,dolphin,0.163567538,0.110961184,0.019315863,0.039345125
10,animal,3,dolphin,0.170455063,0.114557911,0.019941973,0.040620469
10,animal,4,dolphin,0.125093195,0.108068712,0.018812348,0.038319499
10,animal,5,dolphin,0.074291763,0.088697777,0.015440301,0.031450864
10,animal,6,dolphin,0.040900189,0.045336551,0.00789208,0.016075642
10,animal,7,dolphin,0.043667675,0.056088407,0.009763738,0.019888084
10,animal,8,dolphin,0.028150105,0.045329043,0.007890774,0.01607298
10,person,1,dolphin,0.170985475,0.058692831,0.01021711,0.020811573
10,person,2,dolphin,0.140862525,0.051994616,0.009051101,0.018436489
10,person,3,dolphin,0.103106756,0.055453548,0.009653224,0.019662973
10,person,4,dolphin,0.14923057,0.048573287,0.008455524,0.017223339
10,person,5,dolphin,0.134394508,0.065705473,0.011437855,0.023298148
10,person,6,dolphin,0.115453037,0.045083841,0.007848089,0.015986035
10,person,7,dolphin,0.086623053,0.055007995,0.009575663,0.019504987
10,person,8,dolphin,0.099344076,0.058607644,0.010202281,0.020781367
11,animal,1,duck,0.24267823,0.148689382,0.024781564,0.050309249
11,animal,2,duck,0.096318972,0.076358193,0.012726366,0.025835896
11,animal,3,duck,0.197007476,0.086252624,0.014375437,0.029183689
11,animal,4,duck,0.076662108,0.062513382,0.010418897,0.021151485
11,animal,5,duck,0.112122518,0.088895471,0.014815912,0.0300779
11,animal,6,duck,0.096777559,0.076958501,0.012826417,0.026039011
11,animal,7,duck,0.090453137,0.084630164,0.014105027,0.028634728
11,animal,8,duck,0.087979999,0.078391082,0.01306518,0.026523726
11,person,1,duck,0.051179701,0.063277454,0.010546242,0.02141001
11,person,2,duck,0.190196849,0.078818265,0.013136378,0.026668264
11,person,3,duck,0.062780363,0.068082617,0.011347103,0.023035843
11,person,4,duck,0.198074924,0.062153883,0.01035898,0.021029848
11,person,5,duck,0.056014776,0.068662809,0.011443801,0.023232152
11,person,6,duck,0.195839145,0.080195119,0.013365853,0.027134125
11,person,7,duck,0.05388243,0.071061687,0.011843614,0.024043816
11,person,8,duck,0.192031813,0.073140268,0.012190045,0.024747106
12,animal,1,elephant,0.431630485,0.21932942,0.04004389,0.081898952
12,animal,2,elephant,0.036004577,0.065143733,0.011893564,0.02432507
12,animal,3,elephant,0.235292684,0.146385351,0.026726186,0.054661189
12,animal,4,elephant,0.040129557,0.074524281,0.01360621,0.027827824
12,animal,5,elephant,0.11552246,0.127684638,0.023311919,0.047678227
12,animal,6,elephant,0.027669545,0.047089172,0.008597267,0.017583386
12,animal,7,elephant,0.089985059,0.10432531,0.019047109,0.038955711
12,animal,8,elephant,0.023765633,0.045132734,0.008240072,0.01685284
12,person,1,elephant,0.152760315,0.079453556,0.014506168,0.029668446
12,person,2,elephant,0.06747067,0.055241573,0.010085685,0.020627543
12,person,3,elephant,0.169858625,0.077173547,0.014089897,0.028817076
12,person,4,elephant,0.064613756,0.05976732,0.01091197,0.022317484
12,person,5,elephant,0.124694898,0.065492159,0.011957178,0.024455174
12,person,6,elephant,0.157960927,0.062249752,0.011365198,0.023244439
12,person,7,elephant,0.11504403,0.067847337,0.012387172,0.025334612
12,person,8,elephant,0.147596778,0.062065384,0.011331537,0.023175595
13,animal,1,fish,0.295535123,0.139136319,0.025836966,0.052924625
13,animal,2,fish,0.112238635,0.096167059,0.017857775,0.036579993
13,animal,3,fish,0.102424589,0.1021151,0.018962298,0.038842507
13,animal,4,fish,0.047920109,0.068260014,0.012675566,0.025964721
13,animal,5,fish,0.241672522,0.122363694,0.022722368,0.04654466
13,animal,6,fish,0.09701191,0.090251431,0.01675927,0.034329808
13,animal,7,fish,0.076337788,0.096067164,0.017839225,0.036541995
13,animal,8,fish,0.026859325,0.036871227,0.006846815,0.014025065
13,person,1,fish,0.05032806,0.063250461,0.011745316,0.024059188
13,person,2,fish,0.04711396,0.059927904,0.011128332,0.022795356
13,person,3,fish,0.057641775,0.065161713,0.012100226,0.02478619
13,person,4,fish,0.064294609,0.080047614,0.014864469,0.030448484
13,person,5,fish,0.178454247,0.095950631,0.017817585,0.036497668
13,person,6,fish,0.168448186,0.100550476,0.018671755,0.038247355
13,person,7,fish,0.217547937,0.091669437,0.017022587,0.034869189
13,person,8,fish,0.216171226,0.117701691,0.021856655,0.044771329
14,animal,1,fox,0.276885827,0.116396132,0.022400446,0.046044776
14,animal,2,fox,0.167572176,0.127613721,0.024559272,0.050482307
14,animal,3,fox,0.106861567,0.081298096,0.015645826,0.032160456
14,animal,4,fox,0.078130286,0.078182033,0.015046139,0.030927782
14,animal,5,fox,0.157722065,0.112436283,0.021638373,0.044478312
14,animal,6,fox,0.072379459,0.060581731,0.011658959,0.023965334
14,animal,7,fox,0.081095381,0.06291684,0.012108351,0.024889073
14,animal,8,fox,0.059353238,0.063340433,0.012189872,0.025056641
14,person,1,fox,0.142534112,0.062390555,0.012007068,0.024680882
14,person,2,fox,0.152520928,0.048274351,0.009290403,0.019096697
14,person,3,fox,0.111117374,0.060658594,0.011673752,0.023995741
14,person,4,fox,0.107882419,0.061060979,0.011751191,0.024154919
14,person,5,fox,0.110691912,0.044407404,0.008546209,0.017566984
14,person,6,fox,0.125706133,0.054196542,0.010430129,0.021439438
14,person,7,fox,0.118891426,0.051808688,0.009970587,0.020494834
14,person,8,fox,0.130655697,0.050034193,0.009629085,0.019792867
15,animal,1,frog,0.24625901,0.116996946,0.022110345,0.04536668
15,animal,2,frog,0.176405343,0.091513843,0.017294491,0.035485364
15,animal,3,frog,0.219714918,0.084280974,0.015927607,0.03268075
15,animal,4,frog,0.176761522,0.081248747,0.01535457,0.031504975
15,animal,5,frog,0.064466605,0.075845915,0.014333531,0.029409976
15,animal,6,frog,0.037432416,0.044776319,0.008461929,0.017362444
15,animal,7,frog,0.044973425,0.063869495,0.0120702,0.024766005
15,animal,8,frog,0.03398676,0.054558395,0.010310568,0.021155537
15,person,1,frog,0.069352148,0.084641443,0.015995729,0.032820525
15,person,2,frog,0.046306465,0.063899896,0.012075945,0.024777793
15,person,3,frog,0.051538234,0.060264058,0.011388836,0.023367962
15,person,4,frog,0.053081683,0.061606507,0.011642536,0.02388851
15,person,5,frog,0.183624452,0.073196321,0.013832804,0.02838257
15,person,6,frog,0.19542319,0.091859499,0.017359813,0.035619395
15,person,7,frog,0.187718599,0.062705216,0.011850172,0.024314544
15,person,8,frog,0.212955229,0.095055153,0.017963735,0.036858541
16,animal,1,goat,0.155224388,0.086608065,0.015555268,0.031768095
16,animal,2,goat,0.10072627,0.066810613,0.01199954,0.024506331
16,animal,3,goat,0.135725546,0.083753666,0.015042603,0.030721093
16,animal,4,goat,0.106674163,0.067687145,0.01215697,0.024827845
16,animal,5,goat,0.156969245,0.076159819,0.013678707,0.027935647
16,animal,6,goat,0.104205134,0.05998954,0.010774439,0.022004341
16,animal,7,goat,0.131950564,0.077858544,0.013983807,0.028558745
16,animal,8,goat,0.10852469,0.068147893,0.012239723,0.024996849
16,person,1,goat,0.131725885,0.02188941,0.003931454,0.0080291
16,person,2,goat,0.12333924,0.019401092,0.003484539,0.007116378
16,person,3,goat,0.128464555,0.018912046,0.003396704,0.006936995
16,person,4,goat,0.130515437,0.020935332,0.003760097,0.007679142
16,person,5,goat,0.130174995,0.025360199,0.004554826,0.009302196
16,person,6,goat,0.115877497,0.022807459,0.004096341,0.008365843
16,person,7,goat,0.120827185,0.026318742,0.004726986,0.009653792
16,person,8,goat,0.119075206,0.030491009,0.005476347,0.011184192
17,animal,1,goose,0.319861793,0.204704889,0.039395474,0.080978557
17,animal,2,goose,0.078069189,0.080503867,0.015492977,0.031846269
17,animal,3,goose,0.179349769,0.094025516,0.018095219,0.037195255
17,animal,4,goose,0.114388241,0.084045072,0.016174482,0.033247123
17,animal,5,goose,0.077647178,0.081998835,0.015780683,0.032437659
17,animal,6,goose,0.044034526,0.05646948,0.010867556,0.022338582
17,animal,7,goose,0.109674552,0.082115179,0.015803074,0.032483683
17,animal,8,goose,0.076974751,0.077410176,0.014897595,0.030622446
17,person,1,goose,0.154134162,0.045567447,0.008769459,0.018025882
17,person,2,goose,0.085091771,0.056295001,0.010833978,0.022269561
17,person,3,goose,0.131458081,0.034326449,0.006606128,0.013579091
17,person,4,goose,0.128921619,0.041957374,0.0080747,0.016597785
17,person,5,goose,0.148512324,0.048910338,0.009412799,0.019348285
17,person,6,goose,0.081028201,0.053087242,0.010216644,0.021000613
17,person,7,goose,0.111049195,0.046248775,0.008900581,0.018295406
17,person,8,goose,0.159804647,0.05571889,0.010723105,0.022041659
18,animal,1,horse,0.266241886,0.18310271,0.031401856,0.063887556
18,animal,2,horse,0.130485912,0.08635521,0.014809796,0.030130757
18,animal,3,horse,0.10541857,0.082660242,0.014176114,0.028841522
18,animal,4,horse,0.063826788,0.067715579,0.011613126,0.023627082
18,animal,5,horse,0.142551519,0.075668893,0.012977108,0.026402125
18,animal,6,horse,0.102863783,0.068444189,0.011738081,0.023881306
18,animal,7,horse,0.109632168,0.068686136,0.011779575,0.023965726
18,animal,8,horse,0.078979373,0.070313394,0.012058648,0.024533503
18,person,1,horse,0.132949018,0.06309604,0.010820882,0.022015249
18,person,2,horse,0.140007339,0.055701043,0.00955265,0.019435013
18,person,3,horse,0.078929333,0.049139808,0.008427408,0.01714569
18,person,4,horse,0.089610116,0.055849378,0.009578089,0.019486769
18,person,5,horse,0.161276469,0.103554796,0.017759501,0.036131977
18,person,6,horse,0.143096751,0.058850769,0.010092824,0.020534004
18,person,7,horse,0.120031354,0.052558097,0.009013639,0.018338387
18,person,8,horse,0.13409962,0.06070966,0.010411621,0.021182602
19,animal,1,kangaroo,0.220925257,0.091156683,0.016927371,0.034674148
19,animal,2,kangaroo,0.15173721,0.095143468,0.017667698,0.03619064
19,animal,3,kangaroo,0.097484999,0.080422886,0.014934155,0.03059123
19,animal,4,kangaroo,0.079045783,0.076843204,0.014269425,0.029229592
19,animal,5,kangaroo,0.164132807,0.063507347,0.011793018,0.024156903
19,animal,6,kangaroo,0.133847195,0.069425838,0.012892054,0.026408176
19,animal,7,kangaroo,0.092568975,0.075865235,0.014087821,0.028857592
19,animal,8,kangaroo,0.060257774,0.055537139,0.010312988,0.021125198
19,person,1,kangaroo,0.119680522,0.060485094,0.0112318,0.023007299
19,person,2,kangaroo,0.123579366,0.056492968,0.010490481,0.021488776
19,person,3,kangaroo,0.088893614,0.054914329,0.010197335,0.020888294
19,person,4,kangaroo,0.094634613,0.053320921,0.009901446,0.020282194
19,person,5,kangaroo,0.132729732,0.060446283,0.011224593,0.022992536
19,person,6,kangaroo,0.132121609,0.056479123,0.01048791,0.021483509
19,person,7,kangaroo,0.14804102,0.070291104,0.01305273,0.026737306
19,person,8,kangaroo,0.160319525,0.06407638,0.011898685,0.024373352
20,animal,1,lion,0.34563594,0.219022096,0.037021491,0.075236722
20,animal,2,lion,0.125278482,0.1095345,0.01851471,0.037626417
20,animal,3,lion,0.120349327,0.114873374,0.019417144,0.039460385
20,animal,4,lion,0.055059127,0.066245009,0.01119745,0.022755957
20,animal,5,lion,0.144112825,0.126397428,0.021365065,0.043419036
20,animal,6,lion,0.061320438,0.067832775,0.011465832,0.023301373
20,animal,7,lion,0.097116473,0.090311968,0.015265509,0.031023247
20,animal,8,lion,0.051127387,0.064868814,0.010964831,0.022283217
20,person,1,lion,0.108051937,0.077507342,0.013101132,0.026624703
20,person,2,lion,0.059276328,0.056005105,0.009466591,0.019238427
20,person,3,lion,0.076358631,0.06838937,0.011559913,0.023492571
20,person,4,lion,0.076686229,0.07055843,0.011926551,0.024237669
20,person,5,lion,0.140773415,0.069386641,0.011728483,0.023835145
20,person,6,lion,0.139490374,0.060233448,0.010181311,0.020690913
20,person,7,lion,0.200360007,0.088745743,0.015000768,0.030485229
20,person,8,lion,0.19900308,0.094764551,0.016018133,0.032552762
21,animal,1,monkey,0.213474064,0.07641331,0.014440758,0.029629989
21,animal,2,monkey,0.159442107,0.079353536,0.014996409,0.030770089
21,animal,3,monkey,0.135467652,0.077513421,0.01464866,0.030056567
21,animal,4,monkey,0.086139432,0.070395611,0.01330352,0.027296568
21,animal,5,monkey,0.149310359,0.068956045,0.013031468,0.026738363
21,animal,6,monkey,0.110659622,0.068107043,0.012871021,0.026409154
21,animal,7,monkey,0.083053088,0.067889483,0.012829906,0.026324793
21,animal,8,monkey,0.062453676,0.051500643,0.009732707,0.019969865
21,person,1,monkey,0.155380542,0.060665346,0.011464673,0.023523565
21,person,2,monkey,0.113888431,0.057729289,0.01090981,0.022385082
21,person,3,monkey,0.133487072,0.053970744,0.010199512,0.02092767
21,person,4,monkey,0.101915242,0.052361993,0.009895486,0.020303861
21,person,5,monkey,0.111724456,0.066165429,0.012504091,0.025656275
21,person,6,monkey,0.14180692,0.055298737,0.010450479,0.021442612
21,person,7,monkey,0.114814725,0.064709521,0.01222895,0.025091733
21,person,8,monkey,0.126982613,0.074272066,0.014036101,0.028799701
22,animal,1,owl,0.283387875,0.129553057,0.024932497,0.051249483
22,animal,2,owl,0.106545334,0.117984851,0.022706195,0.046673252
22,animal,3,owl,0.230363811,0.121178086,0.023320734,0.047936454
22,animal,4,owl,0.064572463,0.083635127,0.016095588,0.033084954
22,animal,5,owl,0.107693447,0.099140616,0.019079621,0.039218722
22,animal,6,owl,0.051812439,0.07333394,0.014113123,0.02900994
22,animal,7,owl,0.117286671,0.111543762,0.021466607,0.044125242
22,animal,8,owl,0.03833796,0.052999049,0.010199672,0.020965726
22,person,1,owl,0.088307229,0.062383476,0.012005706,0.024678081
22,person,2,owl,0.15899205,0.07125339,0.013712721,0.028186902
22,person,3,owl,0.095676314,0.084089505,0.016183033,0.0332647
22,person,4,owl,0.156236796,0.067861084,0.013059872,0.026844951
22,person,5,owl,0.08187392,0.053193638,0.01023712,0.021042702
22,person,6,owl,0.167673781,0.057090515,0.010987075,0.022584256
22,person,7,owl,0.094353481,0.071247033,0.013711498,0.028184388
22,person,8,owl,0.156886431,0.063447635,0.012210503,0.025099048
23,animal,1,ox,0.320934681,0.153881562,0.030178657,0.062154108
23,animal,2,ox,0.148921507,0.121183151,0.023765971,0.048946934
23,animal,3,ox,0.139769521,0.095298122,0.018689499,0.038491745
23,animal,4,ox,0.078215474,0.077530691,0.01520502,0.031315324
23,animal,5,ox,0.138312858,0.104740628,0.020541327,0.042305655
23,animal,6,ox,0.084505179,0.084832544,0.016637031,0.034264606
23,animal,7,ox,0.057443039,0.068610906,0.013455706,0.027712545
23,animal,8,ox,0.03189774,0.04155561,0.008149726,0.016784674
23,person,1,ox,0.148918366,0.058451295,0.011463242,0.023608989
23,person,2,ox,0.139163912,0.062203188,0.012199049,0.025124411
23,person,3,ox,0.127001362,0.041557649,0.008150126,0.016785498
23,person,4,ox,0.134749575,0.030761174,0.006032763,0.012424707
23,person,5,ox,0.128658892,0.032120398,0.006299328,0.012973709
23,person,6,ox,0.090967104,0.046245554,0.009069499,0.018678984
23,person,7,ox,0.128658429,0.037285034,0.007312197,0.015059751
23,person,8,ox,0.10188236,0.050781522,0.009959076,0.0205111
24,animal,1,penguin,0.331369245,0.193946271,0.039589117,0.081896328
24,animal,2,penguin,0.195846103,0.110422237,0.022539845,0.046627222
24,animal,3,penguin,0.15777101,0.099524586,0.020315371,0.042025547
24,animal,4,penguin,0.139420562,0.104189372,0.021267566,0.043995313
24,animal,5,penguin,0.043268017,0.0783171,0.015986411,0.033070411
24,animal,6,penguin,0.04472668,0.078449649,0.016013468,0.033126382
24,animal,7,penguin,0.04902714,0.066183739,0.013509699,0.027946942
24,animal,8,penguin,0.038571243,0.058963403,0.012035854,0.024898061
24,person,1,penguin,0.123857557,0.045983764,0.009386396,0.019417241
24,person,2,penguin,0.116813737,0.052202183,0.010655726,0.022043049
24,person,3,penguin,0.124878089,0.048160429,0.009830706,0.020336366
24,person,4,penguin,0.124704478,0.057281702,0.011692578,0.024187941
24,person,5,penguin,0.153457826,0.06794078,0.013868354,0.028688875
24,person,6,penguin,0.136416174,0.065636567,0.013398008,0.027715891
24,person,7,penguin,0.119000429,0.052936934,0.010805706,0.022353307
24,person,8,penguin,0.10087171,0.053599852,0.010941024,0.022633232
25,animal,1,pig,0.353409927,0.235628893,0.043755187,0.089628438
25,animal,2,pig,0.100287152,0.093673678,0.017394765,0.035631561
25,animal,3,pig,0.122075378,0.088989874,0.016525005,0.033849938
25,animal,4,pig,0.057958409,0.060560061,0.011245721,0.023035815
25,animal,5,pig,0.133006679,0.101809841,0.018905613,0.038726392
25,animal,6,pig,0.108127995,0.096378611,0.017897059,0.036660463
25,animal,7,pig,0.064103441,0.070726528,0.013133587,0.026902933
25,animal,8,pig,0.061031019,0.083356967,0.015479,0.031707294
25,person,1,pig,0.164889734,0.075876005,0.01408982,0.028861689
25,person,2,pig,0.074822486,0.059139821,0.010981989,0.022495585
25,person,3,pig,0.170637623,0.079554812,0.014772958,0.030261032
25,person,4,pig,0.087559173,0.122165592,0.022685581,0.046469306
25,person,5,pig,0.1044035,0.077072459,0.014311996,0.029316796
25,person,6,pig,0.1337367,0.073335411,0.013618044,0.027895299
25,person,7,pig,0.102617371,0.082621422,0.015342413,0.031427508
25,person,8,pig,0.161333414,0.090476133,0.016800996,0.03441528
26,animal,1,rabbit,0.317894375,0.164847895,0.029141266,0.059434004
26,animal,2,rabbit,0.182901169,0.122607882,0.021674216,0.044204855
26,animal,3,rabbit,0.077402115,0.07940837,0.014037549,0.02862977
26,animal,4,rabbit,0.099096906,0.094462411,0.016698753,0.034057331
26,animal,5,rabbit,0.135692585,0.113034137,0.019981801,0.040753152
26,animal,6,rabbit,0.096478023,0.082014551,0.014498261,0.029569399
26,animal,7,rabbit,0.035365309,0.039468276,0.006977071,0.014229831
26,animal,8,rabbit,0.055169517,0.084959906,0.015018931,0.030631312
26,person,1,rabbit,0.07219431,0.061741285,0.01091442,0.022260107
26,person,2,rabbit,0.073003557,0.063038848,0.011143799,0.022727928
26,person,3,rabbit,0.184096426,0.075394879,0.013328058,0.027182753
26,person,4,rabbit,0.171241852,0.061759718,0.010917679,0.022266753
26,person,5,rabbit,0.081546367,0.091394464,0.016156411,0.032951218
26,person,6,rabbit,0.069244248,0.055318477,0.009779018,0.019944438
26,person,7,rabbit,0.174544867,0.07585149,0.013408776,0.027347379
26,person,8,rabbit,0.174128374,0.070882016,0.012530288,0.025555692
27,animal,1,shark,0.444947193,0.232450433,0.042439449,0.086798418
27,animal,2,shark,0.086620486,0.098203295,0.017929387,0.036669713
27,animal,3,shark,0.113050859,0.113969634,0.020807913,0.042556961
27,animal,4,shark,0.06511091,0.070200818,0.012816857,0.026213416
27,animal,5,shark,0.138455843,0.149464007,0.027288269,0.055810777
27,animal,6,shark,0.039213679,0.049351821,0.009010369,0.018428273
27,animal,7,shark,0.053162981,0.084402574,0.015409731,0.031516439
27,animal,8,shark,0.059438049,0.107797738,0.019681084,0.040252337
27,person,1,shark,0.149456762,0.094469696,0.017247728,0.035275564
27,person,2,shark,0.09875684,0.061164632,0.011167083,0.022839249
27,person,3,shark,0.113904758,0.05978139,0.010914539,0.022322738
27,person,4,shark,0.125834961,0.0670031,0.012233036,0.025019369
27,person,5,shark,0.113611518,0.056037699,0.010231037,0.020924821
27,person,6,shark,0.106351173,0.057155785,0.010435171,0.021342321
27,person,7,shark,0.10740125,0.058081965,0.010604267,0.021688162
27,person,8,shark,0.184682736,0.098227908,0.01793388,0.036678904
28,animal,1,sheep,0.336946856,0.176143344,0.032159228,0.065773006
28,animal,2,sheep,0.238676653,0.162910028,0.029743166,0.060831604
28,animal,3,sheep,0.115246125,0.089339889,0.016311157,0.033360063
28,animal,4,sheep,0.085813047,0.080466343,0.014691077,0.030046626
28,animal,5,sheep,0.067293439,0.076248667,0.013921038,0.02847172
28,animal,6,sheep,0.04786061,0.055006602,0.010042786,0.020539803
28,animal,7,sheep,0.060870976,0.075974908,0.013871057,0.028369497
28,animal,8,sheep,0.047292294,0.053664473,0.009797748,0.020038644
28,person,1,sheep,0.069143883,0.065558546,0.011969298,0.024479963
28,person,2,sheep,0.065183218,0.061913945,0.011303888,0.023119047
28,person,3,sheep,0.074150643,0.065085253,0.011882887,0.024303233
28,person,4,sheep,0.063682105,0.055928109,0.010211029,0.020883899
28,person,5,sheep,0.116319063,0.077501985,0.014149862,0.028939717
28,person,6,sheep,0.108944724,0.07723379,0.014100896,0.028839571
28,person,7,sheep,0.239353855,0.146109599,0.026675841,0.054558221
28,person,8,sheep,0.263222508,0.170640656,0.031154579,0.063718268
29,animal,1,tiger,0.3814289,0.217399866,0.035740318,0.072484724
29,animal,2,tiger,0.094420543,0.109315394,0.01797134,0.036447567
29,animal,3,tiger,0.169225635,0.126620942,0.020816355,0.042217524
29,animal,4,tiger,0.100012003,0.094390794,0.015517751,0.031471458
29,animal,5,tiger,0.101508527,0.144291529,0.023721381,0.048109191
29,animal,6,tiger,0.068082841,0.106551126,0.017516897,0.035525914
29,animal,7,tiger,0.049717476,0.06652061,0.010935921,0.022179076
29,animal,8,tiger,0.035604076,0.054469923,0.0089548,0.018161176
29,person,1,tiger,0.059533645,0.073033443,0.012006624,0.024350562
29,person,2,tiger,0.050935256,0.061411614,0.010096007,0.020475651
29,person,3,tiger,0.047932228,0.055847321,0.009181243,0.018620424
29,person,4,tiger,0.062172018,0.071413042,0.011740232,0.023810294
29,person,5,tiger,0.204267129,0.100549462,0.01653023,0.03352486
29,person,6,tiger,0.173709347,0.083305429,0.013695328,0.027775413
29,person,7,tiger,0.174318666,0.078838684,0.012961,0.026286126
29,person,8,tiger,0.227131711,0.104208804,0.017131822,0.034744945
30,animal,1,whale,0.300926375,0.161525701,0.029490423,0.060314688
30,animal,2,whale,0.135482738,0.096415432,0.017602969,0.036002114
30,animal,3,whale,0.184164826,0.099703461,0.018203278,0.037229884
30,animal,4,whale,0.097830233,0.086865377,0.015859376,0.032436065
30,animal,5,whale,0.11272795,0.095852099,0.017500119,0.035791762
30,animal,6,whale,0.059193966,0.065634058,0.011983085,0.02450816
30,animal,7,whale,0.071157615,0.076107861,0.013895331,0.028419142
30,animal,8,whale,0.038516296,0.053752941,0.009813899,0.020071678
30,person,1,whale,0.104849351,0.064632018,0.011800138,0.024133992
30,person,2,whale,0.109498197,0.071790651,0.01310712,0.026807069
30,person,3,whale,0.120995186,0.062506751,0.011412119,0.023340405
30,person,4,whale,0.170961935,0.072171673,0.013176684,0.026949345
30,person,5,whale,0.115870644,0.067629596,0.012347418,0.025253306
30,person,6,whale,0.121029852,0.064477038,0.011771843,0.024076122
30,person,7,whale,0.112110469,0.058620974,0.010702677,0.021889431
30,person,8,whale,0.144684366,0.062473389,0.011406028,0.023327947
31,animal,1,wolf,0.292775658,0.170937793,0.030701334,0.062700489
31,animal,2,wolf,0.170818647,0.100994152,0.018139085,0.037044954
31,animal,3,wolf,0.085292057,0.088510018,0.015896869,0.032465737
31,animal,4,wolf,0.13974905,0.098211747,0.017639351,0.03602436
31,animal,5,wolf,0.068336651,0.080509497,0.014459933,0.029531122
31,animal,6,wolf,0.063873903,0.066174001,0.011885201,0.02427282
31,animal,7,wolf,0.046685777,0.052950981,0.009510277,0.019422577
31,animal,8,wolf,0.132468258,0.124106652,0.022290213,0.045522687
31,person,1,wolf,0.197627789,0.141802677,0.025468513,0.052013642
31,person,2,wolf,0.115025067,0.088814303,0.01595152,0.032577349
31,person,3,wolf,0.068922525,0.051804429,0.00930435,0.019002018
31,person,4,wolf,0.120533272,0.078783889,0.014150004,0.028898164
31,person,5,wolf,0.096156798,0.076199882,0.013685903,0.027950342
31,person,6,wolf,0.101155505,0.059545331,0.010694657,0.021841404
31,person,7,wolf,0.073568919,0.051140178,0.009185047,0.018758369
31,person,8,wolf,0.227010125,0.190171073,0.034155733,0.069755313
32,animal,1,zebra,0.344300985,0.124574562,0.023132915,0.047385629
32,animal,2,zebra,0.163793291,0.109866683,0.020401731,0.041791051
32,animal,3,zebra,0.245426993,0.124277884,0.023077824,0.047272779
32,animal,4,zebra,0.156785102,0.110748965,0.020565566,0.042126653
32,animal,5,zebra,0.028578662,0.046499761,0.008634789,0.017687563
32,animal,6,zebra,0.013407068,0.015015841,0.002788372,0.00571172
32,animal,7,zebra,0.034745764,0.067865826,0.012602367,0.02581478
32,animal,8,zebra,0.012962136,0.01455674,0.002703119,0.005537088
32,person,1,zebra,0.047124341,0.066026256,0.012260768,0.025115045
32,person,2,zebra,0.041662585,0.059157567,0.010985284,0.022502335
32,person,3,zebra,0.049035026,0.073048753,0.013564813,0.027786259
32,person,4,zebra,0.039427377,0.056943706,0.010574181,0.021660228
32,person,5,zebra,0.18180684,0.065491381,0.012161444,0.024911589
32,person,6,zebra,0.187618893,0.083979091,0.015594526,0.031943938
32,person,7,zebra,0.224186361,0.09356031,0.017373713,0.035588439
32,person,8,zebra,0.229138577,0.082791028,0.015373908,0.031492023